Protein Sequenze,ELISA affinity (LogIC50 (O.D.450nm))
QVQLVESGGGLVQAGGSLRLSCAAPGSTFSTNIIAWYRQPPGKQRELVAAIGGPGSTNYADSVKGRFTISRDNAKNTGYLQMKSLKPDDTAVYYCNMVTQRGNEYWGQGTQVTVSSEPKTPKGGCGGGLEHHHHHH,2.93
EVQLVESGGDLVQAGGSLRLSCSASGNIFKINDMGWYRQAPGKQRELVARISSSGNTNYADSVKGRFTISRDNGKNTVYLQMNRVKPEDTAVYYCNADVQVSRNYEYEYWGQGTQVTVSSEPKTPKGGCGGGLEHHHHHH,2.667
QVQLVESGGGLVQPGDSLRLSCAVSGQYVNMAAMGWFRQAPGKEREFVAGISWSDDTDIADSVKGRFTISRDHGKNTVDLQMNSLKPEDTGVYLCAGRFRRLAKDFGEYDYWGQGTQVTVSSEPKTPKGGCGGGLEHHHHHH,1.885
QVQLVESGGGLVQAGGSLRLSCAASGITSSIASMGWFRQAPGKEEEFVARIRWNTDNTYYADSVKGRFTISRDNAQNTVYLQMNRLKPEDTAVYYCVARRGWSDLLYDYRGQGTQVTVSSEPKTPKGGCGGGLEHHHHHH,4.658
DVQLVESGGGLVQPGGSLRLSCAASGLTLDNYDMAWFRQAPGKEREFVTAINYVGGRTYADSVRGRFTISRDDTKNTVYLQMNSLKPEDTAVYYCAAGLQYGITSLRTRNYNYWGQGTQVTVSSEPKTPKGGCGGGLEHHHHHH,8.05
QVQLVESGGGLVQAGGSLRLSCAASRSTFRINAAGWYRQAPGKERELVARISSGGSTNYADSVKGRFTISRDNAKNTVYLQMNSLKPEDTAVYYCNVPYYREDGYEYDAWGQGTQVTVSSEPKTPKGGCGGGLEHHHHHH,4.207
DVQLVESGGGVVQAGGSLRLSCAASGRTFSDYAMGWFRQAPGKEREFVAGVSWSGVDTYYADSVKGRFTISRDNAKNTLYVQMNSLKPEDTAVYYCAAQRYYHGHAKNMRYDYWGQGTQVTVSSEPKTPKGGCGGGLEHHHHHH,6.735
EVQLVESGGGLVQAGGSLRLSCAASGSTFDTNPIGWYRQAPGKQRDLVAMITSGGHTNYADSVKGRFTISRDNAKNTVYLQMNSLKPEDTAVYYCTVPHYREDGYEYHFWGQGTQVTVSSEPKTPKGGCGGGLEHHHHHH,5.274
QVQLVESGGGLVQAGGSLRLSCAASGSTFDTNPIGWYRQAPGKQRDLVAMITSGGHTNYADSVKGRFTISRDNAKNTVYLQMNSLKPEDTAVYYCTVPHYREDGYEYHCWGQGTQVTVSSEPKTPKGGCGGGLEHHHHHH,4.606
EVQLVESGGGLVQPGGSLRLSCAASGSTFSINAIGWYRQAPGKEREFVAALRWPGNIWYYADFVEGRITISRDNAKNTVYLQMNSLKPEDTAVYYCAARPENRGSYRDAATYDFWGQGTQVTVSSEPKTPKGGCGGGLEHHHHHH,5.684
EVQLVESGGGLVQAGGSLRLSCAASGVTISYWVMGWFRQAPGKEREFVARISWGGERTYYADSVKGRFAISRDNAKNTVYLQMNSLNAEDTAVYYCAADRTGWGHSNSRSEYDYWGQGTQVTVSSEPKTPKGGCGGGLEHHHHHH,9.81
QVQLVESGGGLVQAGGSLRLSCAASGSTFSTNAVDWYRQAPGNQRDLVATITSGGHTNYADSVKGRFTISRDNAKNTVYLQMNSLKPEDTAVYYCAVPHYREDGYEYRFWGQGTQVTVSSEPKTPKGGCGGGLEHHHHHH,9
DVQLVESGGGLVQAGGSLRLSCAASERTFSRYMLGWFRQAPGKEREFVGVMGWSDSDTYYGDAVKGRFTISRDNVKNTIYLQMKSLKPEDTAVYYCAASAYGSTRNHKLYEYWGQGTQVTVSSEPKTPKGGCGGGLEHHHHHH,2.434
QVQLVESGGGSVQAGGSLRLSCAASGRTFSSYSMAWFRQAPGKEREFVAVMNCRYGDTDYPDSVKGRFTMSRDNAKNTLYLQMNSLKPEDTAVYYCAAKLIAYCGSGYYYRRNDYGYWGQGTQVTVSSEPKTPKGGCGGGLEHHHHHH,2.071
QVQLVESGGGLVQPGGSLRLSCAASGFTFSVNTMSWVRQAPGKGREWVSGIESHGNTYYSDSVKGRFTISRDNAKNTLYLQMNSLKPEDTAVYYCATGIYGTTRNWGQGTQVTVSSEPKTPKGGCGGGLEHHHHHH,2.543
EVQLVESGGGLVQAGGSLRLSCAASGRTFSGRTFSDYPMAWFRQAPGKEREFLATISTSGSRTYYADSVKGRFTISRDNAKDTVYLQMNSLKPEDAAIYYCAARQGSYYSDYNRALPGEYDYWGQGTQVTVSSEPKTPKGGCGGGLEHHHHHH,1.575
DVQLVESGGDLVQAGGSLRLSCSASGNIFKINDMDWYRQAPGKQRELVARISSSGSTNYADSVKGRFTISRDNGKNTVYLQMNRVKPEDTAVYYCNADVQVSRNYEYEYWGQGTQVTVSSEPKTPKGGCGGGLEHHHHHH,1.365
QVQLVESGGGLVQAGGSLRLSCAASGRTINNYDMGWFRQAPGKEREFVAAITWSGRDTNYADSVKGRFTVSRDDAKNTVYLQMNTLSPEDTAVYYCASARIQFYRLVAATRTDYSYWGQGTQVTVSSEPKTPKGGCGGGLEHHHHHH,4.86
QVQLVESGGGLVQAGDSLRLSCAASGRTFSRYAMAWFRQAPGKEREFVAGISWTGRFTYYADSVKGRFTISRDDAKNTVYLQMNNLKPEDTGLYFCKVGDPYGVGLREYEWWGPGTQVTVSSEPKTPKGGCGGGLEHHHHHH,5.316
EVQLVESGGGLVQAGDSLRLSCVASGDTFTSYTVGWFRQAPGKEQEFVAGISWSGRSTDYADFVKGRATISKDIAKVSLQMNALKPEDTAVYSCAAKKVDWSSDYVTNYDYDYRGRGTQVTVSSEPKTPKGGCGGGLEHHHHHH,1.785
HVQLVESGGELVQSGSSLRLSCAASGFDLDDYAIGWFRQAPGKEREGVSCTSTSDGPTSYLDSVKGRFTFSRDNAKNTLYLQMNSLKPEDTAVYYCAAISHIFAEDAPAMGLCWDQRSAFWYWGQGTQVTVSSEPKTPKGGCGGGLEHHHHHH,1.653
DVQLVESGGGLVQAGGSLRLSCVASGHTVSNYAMAWFRQAPGKEREFVAGISWRASITYYRDSVKGRFTISRDNAKNTVYLQMSSLKPEDTAVYYCASDKTHYVSRGTSLVEYDYWGQGTQVTVSSEPKTPKGGCGGGLEHHHHHH,1.02
HVQLVESGGGFVQAGGSLRLSCEASGRTFNVYTMGWFRQAPGKEREFVGSISWNGGSTYYADSVKGRFTISRDNAKNTVYLQMNSLEPEDTAVYYCAARRQSHLRLDLSVIDAWGKGTQVTVSSEPKTPKGGCGGGLEHHHHHH,2.63
EVQLVESGGGLVQAGGSLRLSCATSGRTSSTYAMGWFRQRPGKEREFVATIHWGVGSTIYADSVKGRFTLSRDNAQNTVYLQMNSLKPEDTAVYYCAASTYRIGSYDVSTSQGYNYWGQGTQVTVSSEPKTPKGGCGGGLEHHHHHH,4.32
DVQLVESGGGLVQAGGSLRLSCVASGPIFSFSTGGWYRQAPGKQRELVAALTGGGNTNYADSVKGRFTISRDNAKNTVYLQMNLLKPEDTAVYYCQVMYYSGYDGYESTSWGQGTQVTVSSEPKTPKGGCGGGLEHHHHHH,3.058
EVQLVESGGGLVQPGGSLRLSCAASGSIFSINSMGWYRQAPGKQRELVAAITSGGSTNYANSVKGRFTISRNNARNTVWLQMNSLKPEDTAVYYCNADLNVVRGYSGDYHGSSDYWGQGTQVTVSSEPKTPKGGCGGGLEHHHHHH,3.171
QVQLVESGGGLVQAGGSLRLSCAASERIFSNYAMGWFRQAPGKEREFVASIRGSGSQTSYADSVKGRFTISRDGAKDTVDLQMNSLKPEDTAVYYCSAKKYCGSTYNRAEGYDYWGQGTQVTVSSEPKTPKGGCGGGLEHHHHHH,3.862
QVQLVESGGGLVQAGGSLRLSCAASGRTFSTLSMGWFRQAPGQGREFVGGINYDGSSVEYADSVKGRFTISRDNAKNMMYLQMNSLKPEDTAAYYCASSRGYNTGTNPLGYDVWGQGTQVTVSSEPKTPKGGCGGGLEHHHHHH,1.601
EVQLVESGGGLVQAGGSLRLSCAASRSTFSINAAGWYRQAPGKQRELVAAISSGGSANYADSVKGRFIISRDNAKNTVYLQMNSLKPEDTAVYYCRVPYYRDDGYEYYSWGQGTQVTVSSEPKTPKGGCGGGLEHHHHHH,5.545
EVQLVESGGGLVQAGGSLRLSCAASGRTFSRYHMGWFRQAPGKERDVVAAISWSGDSTYYADSVKGRFTISKDNAKNTVYLQMDSLKPEDTAVYYCATLSGWDGDTIFPAGSWGQGTQVTVSSEPKTPKGGCGGGLEHHHHHH,1.091
QVQLVESGGGLVQAGGSLKLSCAASGITFSINTIGWYRQAPGKQREFVAHITSDSTTYYADSVKARFTISRDSAKNTVHLQMNNLKPEDTAVYYCNVNPTWPYGGEVDYWGQGTQVTVSSEPKTPKGGCGGGLEHHHHHH,4.449
EVQLVESGGGLVQAGGSLRLSCAASGSTFSSKPIGWYRQAPGKGRDLVAAIGGGSSTFYVDSVKGRFTMSRDNAKNTVALQMNSLKPEDTAVYYCNEYLGPKVLPIGSWGQGTQVTVSSEPKTPKGGCGGGLEHHHHHH,1
HVQLVESGGGLVQAGGSLRLSCVASGFTYSTYTMGWFRQAPGKEREIVAAKNWSGARIYYTESVKGRFTISRDSGSNTMYLQMDSLKPEDTAVYYCAARLTWTDTTTPTTYPYWGQGTQVTVSSEPKTPKGGCGGGLEHHHHHH,5.365
QVQLVESGGGLVKPGESLKLSCVASGETLSSYIMGWFRQAPGKEREFVAAVSWSGNQQDYADSVKGRFTISRDNAEKTVDLQMNSLNPEDTAVYYCAGDQIGFWSSRTQAHEYEYWGQGTQVTVSSEPKTPKGGCGGGLEHHHHHH,1.537
EVQLVESGGGLVQAGGSLRLSCAGSGDTFSRYTLGWFRQAPGKEREFVAGISWSGGSTSYANSVKGRFTISRDNAKNTMYLQMNSLKPEDTAVYTCAAPGLPGTVVVGASDFYVYWGQGTQVTVSSEPKTPKGGCGGGLEHHHHHH,1.537
EVQLVESGGSLRLSCAASGSGFSSSIIAWYRQAPGKQRELVAAIGGPGSTNYADFVEGRFTISRDNAKNTGYLQMNNLNPEDTAVYYCNEVTRSGREYWGQGTQVTVSSEPKTPKGGCGGGLEHHHHHH,2.489
HVQLVESGGGLVQAGGSLRLSCKVSGTTFSNSAIGWYRQAPGNRRELVATINYGGSTNYADSGKGRFTISKDNAKNTVYLQMNSLKPEDTAVYYCKTTEWREDGYEYDVWGQGTQVTVSSEPKTPKGGCGGGLEHHHHHH,5.676
QVQLVESGGGLVQAGGSLRLSCATSGRTFSTYALGWFRQRPGKEREFVATIHWSDGRTLYADSVKGRFTLSRDNAQNTVYLQMNSLKPEDTAIYYCAASIYRIGSYDVSTSQGYDYWGQGTQVTVSSEPKTPKGGCGGGLEHHHHHH,3.971
QVQLVESGGGLVQAGGSLRLSCATSGRTFSTYAMGWFRQRPGKEREFVATIHWSDGRTLYTDSVKGRFTLSRDNAQNTVYLQMNSLKPEDTAVYYCAAATYRIGSYDVSTSQGYNYWGQGTQVTVSSEPKTPKGGCGGGLEHHHHHH,4.291
HVQLVESGGGLVQAGGSLRLSCVASGHTVSNYAMAWFRQAPGKEREFVAGISWRATLTYYRDSVKGRFTISRDNAKNTVYLQMSSLKPEDTAVYFCASDRTPYVSRGTSLVEYDYWGQGTQVTVSSEPKTPKGGCGGGLEHHHHHH,3.604
EVQLVESGGGLVQAGGSLRLSCTASGSIFSVNVMDWYRQAPGKQREFVATITGSGATNYADSVKGRFTISRGSAKNTVYLQMNSLKPDDTAVYYCHNADYREDGYEYDNWGQGTQVTVSSEPKTPKGGCGGGLEHHHHHH,1.075
QVQLVESGGGLVQAGGSLRLSCVDSGRTFSSNTMGWFRQAPGKDRDFVAAINRSGVITNYADSVKGRFTISRDNAKNTVYLQLNSLKPEDTAVYYCAARAGGWPSQIPVEYDRWGQGTQVTVSSEPKTPKGGCGGGLEHHHHHH,3.687
QVQLVESGGGLVQAGGSLRLSCAASGATFSINAIGWYRQAPGKQRELVAVIKSGNSINYADSVKGRFTISRDHAKNTVYLQMNNLKPEDTAVYYCHADQPPETGWGTWNDLWGQGTQVTVSSEPKTPKGGCGGGLEHHHHHH,1.755
EVQLVESGGGLVQAGGSLRLSCAASGRTFSDDAMAWFRQAPGKEREFVAAISWHPENTFYADSVKGRFTISRDKTKNTEYLQMNSLKPEDTAVYYCAAGPRLEIGDYAQYKYWGQGTQVTVSSEPKTPKGGCGGGLEHHHHHH,0.9549
QVQLVESGGGLVQAGGSLRLSCTASRSTFRVNPAGWYRQAPGKERELVARITSGGSTNYADSVKGRFTISRDNAKNTVYLQMNSLKPEDTAVYYCNVPYYMEDGYEHDAWGQGTQVTVSSEPKTPKGGCGGGLEHHHHHH,6.012
DVQLVESGGGLVQAGGSLRLSCTASQSILYINVMGWYRQAPGKQRELVAEIPTGGNTDYADSVKGRFTISRDNVKNTVSLQMNSLKPEDTAVYYCNVRGGVLSPYDYWGQGTQVTVSSEPKTPKGGCGGGLEHHHHHH,2.082
DVQLVESGGGLVQAGGSLRLSCATSGRTFSTYAAGWFRQRPGKEREFVATIHWNDGRTLYADSVKGRFTLSRDNAQNTVYLQMNSLKPEDTAVYYCAAYTYRIGSYDVSTSQGYDYWGQGTQVTVSSEPKTPKGGCGGGLEHHHHHH,2.07
QVQLVESGGGLVQAGASLRLSCAASRGTFSSYTMGWFRQAPGKERLFVASISRDGGTTYYADSVKGRFTISRDNAENILYLQMNSLKPEDTAVYYCAAASRHPSTWEVWGLEYYYWGQGTQVTVSSEPKTPKGGCGGGLEHHHHHH,4.428
HVQLVESGGGLVQAGGSLRLSCAASGKIFSLSTMGWYRQAPGKQRELVAALTSGGSTNYADSVKGRFTISRDNAKYTTYLQMNSLKPEDTAVYYCNVRYYSGYDGYESNSWGQGTQVTVSSEPKTPKGGCGGGLEHHHHHH,7.218
QVQLVESGGGLVQAGGSLRLSCAASRRTFSIYNMGWFRQAPGKEREFVATITRYGDRTYTADSVKGRFTISSDQAKNTVYLQMNSLNPHDTAVYYCAADSAYSGPDFKHYDYWGQGTQVTVSSEPKTPKGGCGGGLEHHHHHH,8.716
EVQLVESGGGLVQAGDSLRLSCAASGRTFSSYTMGWFRQAPGKEREFVAGIRWSGGSTYFTNYEDSVKGRFTISKDNAKNTVFLQMNSLRPEDTAVYYCAFTGHYSTYDSPQRYDYWGQGTQVTVSSEPKTPKGGCGGGLEHHHHHH,5.542
EVQLVESGGGLVQAGGSLSLSCAASGSINSINAMGWFRQAPGKQRELVATITRGGSTNYADSVKGRFTISIDNAKNTVYLQMNSLKPEDTAVYYCNADRGTDDGWLYDYWGQGTQVTVSSEPKTPKGGCGGGLEHHHHHH,5.736
DVQLVESGGGLVQAGGSLRLSCAASGLTFSNYAMGWFRQAPGKEREFAAGITWNGGASHYADSVKGRFTISRDNAQNTVYLQMNSLKPEDTAVYYCAARLGSVAYPGLRYDYWGQGTQVTVSSEPKTPKGGCGGGLEHHHHHH,5.832
EVQLVESGGGLVQAGGSLRLSCAASGRTFSDYPMAWFRQALGKEREFLATISTSGSRTMYADSVKGRFTISRDNAKNMMYLQMNSLKPEDAAVYYCAARQGSYYSDYNRALPGEYHYWGQGTQVTVSSEPKTPKGGCGGGLEHHHHHH,1.145
QVQLVESGGGLVQPGGSLRLSCAASGSGFSSSIIGWHRQAPGKQRELVAAIGGPGSTNYADSVKGRFTISRDNAKNTAYLQMNNLKPEDSAVYYCEATTRSGREYWGQGTQVTVSSEPKTPKGGCGGGLEHHHHHH,2.16
HVQLVESGGGLVQAGGSLRLSCAASGRTFSSYAMAWFRQAVGKEREFVAAVSRSGTNLYYADSVKGRFTISRDTAKNTMYLQMNSLKPEDTALYYCAAGEALRWGIGQQPRSEFFDYWGQGTQVTVSSEPKTPKGGCGGGLEHHHHHH,3.76
DVQLVESGGGLVQAGGSLKLSCAAFGVTFDINTIAWYRQAPGKQREFVAHITSGGTTYYADSVKARFTMSRDSAKNTVYLQMNNLKPEDTAVYYCNVNPTWPYSGEVDYWGQGTQVTVSSEPKTPKGGCGGGLEHHHHHH,6.769
EVQLVESGGGLVQAGGSLRLSCTASRSTFRVNPAGWYRQAPGKERELVARITSGGSTNYADSVKGRFTISRDNAKNTVYLQMNSLKPEDTAVYYCNVPCYMEDGYEHDAWGQGTQVTVSSEPKTPKGGCGGGLEHHHHHH,3.298
QVQLVESGGGLVQAGDSLRLSCATSGRTFSTYAAGWFRQRPGKEREFVATIHWNDGRTLYADSVKGRFTLSRDNAQNTVYLQMNSLKPEDTAVYYCAASTYRIGSYDVSTSQGYDYWGQGTQVTVSSEPKTPKGGCGGGLEHHHHHH,4.669